{
    "data_load_time_sec": 1.7378,
    "training_time_sec": 1.2113,
    "best_iteration": 100,
    "auc_roc": 0.504472,
    "accuracy": 0.98018,
    "f1_score": 0.005286,
    "precision": 0.002893,
    "recall": 0.030612,
    "inference_latency_1row_ms": 0.3063,
    "inference_throughput_1000rows_sec": 896080.94
}